0,1,2,3,4,5,6,7,8,9,10,11,12,13,14,15,16,17,18,19,20,21,22
ST),ZONAL,ORG,me,po,Net,oor,S,,,,,,,,,,,,,,,
"""Qhd",Floor,Heitnos,Wavas,Ceninath,Woes.,RUNES,S72,hs,,,,,,,,,,,,,,
uno=,441000:,Ph,Gao,aeeaeeea,ea,REN,"Frond,",Lino,No,3,9a,era,,,,,,,,,,
ico,for,salo,oh,immovable:,propthtigaunmomee,ee,:,,,,,,,,,,,,,,,
serene,WAreREHOSTURNES,ale,erie,,,,,,,,,,,,,,,,,,,
meh,2002,UE,LN,AR,Se,bee,,,,,,,,,,,,,,,,
heceby,ohren,ta,Tha,pubsc,in,general,and,in,patouk,to,tha,Borrower,(4),and,Guarantos,(3),thal,ha,below,descred,knmovalia,property
detirstantunt,tenreber,nonghan,teh,Cred,"tor,",wih,ba,uokd,on,As,i,whera,"s,s",whatls’,and,What,,,,,,
Gamay,tid,,,,,,,,,,,,,,,,,,,,,
[Scotti,,,,,,,,,,,,,,,,,,,,,,
TRargssone,,,,,,,,,,,,,,,,,,,,,,
Batiing,"NoA9,",“Bracks,Avera],,,,,,,,,,,,,,,,,,,
eociay,Lier,aS,Ho,SAHA,Na,,,,,,,,,,,,,,,,,
By,"TANI,",Hobe,Jyot!,"Restaurant,",AIDS],3,,,,,,,,,,,,,,,,
"hurd,",Tq,"Havel,",porno,.,,,,,,,,,,,,,,,,,,
9,be,Padranabhan|,,,,,,,,,,,,,,,,,,,,
adm!,,,,,,,,,,,,,,,,,,,,,,
=]5Sat,dup),aysiu,t,,,,,,,,,,,,,,,,,,,
'Strigh,Bhatla,a,,,,,,,,,,,,,,,,,,,,
Broenrnl,eccead,mkt,,,,,,,,,,,,,,,,,,,,
